Name,Type,Popularity,Price,Rating
"Taylor Fladgate Vintage Port, Portugal",Port Blend Red,154th,168,95
"W & J Graham's Vintage Port, Portugal",Port Blend Red,296th,177,94
"Dow's Vintage Port, Portugal",Port Blend Red,330th,171,94
"Fonseca Vintage Port, Portugal",Port Blend Red,348th,153,94
"Casa Ferreirinha 'Barca Velha', Douro, Portugal",Tinta Roriz - Tinto Cao - Touriga,484th,"1,114",93
"Warre's Vintage Port, Portugal",Port Blend Red,534th,160,93
"Quinta do Noval Nacional Vintage Port, Portugal",Port Blend Red,572nd,"1,833",97
"Quinta do Noval Vintage Port, Portugal",Port Blend Red,620th,166,94
"Niepoort Vintage Port, Portugal",Port Blend Red,795th,149,94
"Kopke Colheita Port, Portugal",Port Blend Red,892nd,168,91
"P+S Prats & Symington Chryseia, Douro, Portugal",Touriga Franca - Touriga Nacional,979th,145,93
"Taylor Fladgate Late Bottled Vintage Port, Portugal",Port Blend Red,"1,007th",34,89
"Quinta do Vale Meao Tinto, Douro, Portugal",Portuguese Red Blend,"1,106th",272,94
"Cockburn's Vintage Port, Portugal",Port Blend Red,"1,335th",125,91
"Cartuxa Pera Manca Tinto, Alentejo, Portugal",Portuguese Red Blend,"1,357th",754,93
"W & J Graham's Late Bottled Vintage Port, Portugal",Port Blend Red,"1,399th",34,89
"Taylor Fladgate Quinta de Vargellas Vintage Port, Portugal",Port Blend Red,"1,691st",97,92
"Sandeman Vintage Port, Portugal",Port Blend Red,"1,737th",183,91
"Casa Ferreirinha Quinta da Leda, Douro, Portugal",Portuguese Red Blend,"1,760th",84,92
"W & J Graham's Single Harvest Tawny Port, Portugal",Port Blend Red,"1,789th",505,93
"Quinta do Crasto Vinha Maria Teresa, Douro, Portugal",Portuguese Red Blend,"1,802nd",384,94
"Niepoort Charme Tinto, Douro, Portugal",Portuguese Red Blend,"1,824th",108,91
"Quinta do Vesuvio Single Quinta Vintage Port, Portugal",Port Blend Red,"1,986th",123,93
"Mateus The Original Rose, Portugal",Rose Blend,"2,002nd",13,85
"Croft Vintage Port, Portugal",Port Blend Red,"2,063rd",119,91
"Quinta do Noval Nacional Vintage Port, Portugal",Port Blend Red,572nd,"1,833",97
"W & J Graham's 'The Stone Terraces' Vintage Port, Portugal",Port Blend Red,"4,166th",473,96
"Taylor Fladgate Vintage Port, Portugal",Port Blend Red,154th,168,95
"Taylor Fladgate Vargellas Vinha Velha Vintage Port, Portugal",Port Blend Red,"2,861st",365,95
"Quinta do Noval Vintage Port, Portugal",Port Blend Red,620th,166,94
"Quinta do Vesuvio 'Capela' Vintage Port, Portugal",Port Blend Red,"12,362nd",278,95
"Quinta do Crasto Vinha da Ponte, Douro, Portugal",Portuguese Red Blend,"5,170th",389,94
"Fonseca Vintage Port, Portugal",Port Blend Red,348th,153,94
"Quinta do Crasto Vinha Maria Teresa, Douro, Portugal",Portuguese Red Blend,"1,802nd",384,94
"W & J Graham's Vintage Port, Portugal",Port Blend Red,296th,177,94
"Quinta do Vale Meao Tinto, Douro, Portugal",Portuguese Red Blend,"1,106th",272,94
"Niepoort Vintage Port, Portugal",Port Blend Red,795th,149,94
"Dow's Vintage Port, Portugal",Port Blend Red,330th,171,94
"Wine & Soul Pintas Vintage Port, Portugal",Port Blend Red,"22,002nd",130,93
"Wine & Soul Pintas Tinto, Douro, Portugal",Portuguese Red Blend,"3,977th",166,94
"Taylor Fladgate Very Old Single Harvest Port, Portugal",Port Blend Red,"3,268th",441,94
"Barbeito Malvasia, Madeira, Portugal",Malvasia,"3,451st",762,93
"Blandy's Vintage Bual, Madeira, Portugal",Bual (Malvasia Fina),"2,430th",788,93
"W & J Graham's Single Harvest Tawny Port, Portugal",Port Blend Red,"1,789th",505,93
"Quinta do Vesuvio Single Quinta Vintage Port, Portugal",Port Blend Red,"1,986th",123,93
"Croft Quinta da Roeda 'Serikos' Vintage Port, Portugal",Port Blend Red,"147,386th",309,96
"P+S Prats & Symington Chryseia, Douro, Portugal",Touriga Franca - Touriga Nacional,979th,145,93
"Niepoort Garrafeira Port, Portugal",Port Blend Red,"6,449th",944,96
"Quinta do Vallado 'Vinha da Granja', Douro, Portugal",Portuguese Red Blend,"32,328th",209,94
"Taylor Fladgate Golden Age 50 Year Very Old Tawny Port, Portugal",Port Blend Red,"9,341st",419,95
"Dow's Colheita Port, Portugal",Port Blend Red,"5,628th",92,90
"Niepoort Garrafeira Port, Portugal",Port Blend Red,"5,628th",931,96
"Quinta do Vale D. Dona Maria Tinto, Douro, Portugal",Portuguese Red Blend,"5,688th",86,92
"Cartuxa Evora Reserva Tinto, Alentejo, Portugal",Alicante Bouschet - Aragonez,"5,765th",79,90
"Martinez Vintage Port, Portugal",Port Blend Red,"5,820th",255,89
"Anselmo Mendes Contacto Alvarinho, Vinho Verde, Portugal",Albarino (Alvarinho),"5,883rd",26,90
"Barbeito Boal, Madeira, Portugal",Bual (Malvasia Fina),"6,000th",740,93
"Taylor Fladgate 10 Year Old Tawny Port, Portugal",Port Blend Red,"6,077th",46,90
"Quinta da Romaneira Vintage Port, Portugal",Port Blend Red,"6,101st",90,92
"Wiese & Krohn Vintage Port, Portugal",Port Blend Red,"6,101st",185,90
"Fonseca Late Bottled Vintage Port, Portugal",Port Blend Red,"6,141st",35,90
"Quinta do Noval Unfiltered Late Bottled Vintage Port, Portugal",Port Blend Red,"6,182nd",39,90
"Feist Colheita Port, Portugal",Port Blend Red,"6,192nd",211,90
"Niepoort Redoma Branco, Douro, Portugal",Portuguese White Blend,"6,245th",31,91
"Quinta do Noval Touriga Nacional, Douro, Portugal",Touriga Nacional,"6,245th",61,91
"Herdade do Esporao 'Esporao' Reserva Branco, Alentejo, Portugal",Portuguese White Blend,"6,479th",26,89
"Alves de Sousa 'Abandonado' Tinto, Douro, Portugal",Portuguese Red Blend,"6,533rd",171,93
"Silk & Spice Red Blend, Portugal",Portuguese Red Blend,"6,555th",18,88
"Cockburn's Late Bottled Vintage Port, Portugal",Portuguese Red Blend,"6,568th",40,89
"Pocas Junior Vintage Port, Portugal",Port Blend Red,"6,597th",84,91
"Quinta do Vallado Reserva Field Blend, Douro, Portugal",Port Blend Red,"6,669th",72,92
"Quinta do Vale D. Dona Maria CV Curriculum Vitae, Douro, Portugal",Portuguese Red Blend,"6,669th",147,93
"Kopke Vinho Tinto, Douro, Portugal",Portuguese Red Blend,"6,669th",13,85
"Ferreira Late Bottled Vintage Port, Portugal",Portuguese Red Blend,"6,712th",33,90
"Barbeito Verdelho, Madeira, Portugal",Port Blend Red,"6,729th",347,92
"Dow's Colheita Port, Portugal",Port Blend Red,"5,628th",92,90
"Niepoort Garrafeira Port, Portugal",Port Blend Red,"5,628th",931,96
"Quinta do Vale D. Dona Maria Tinto, Douro, Portugal",Portuguese Red Blend,"5,688th",86,92
"Cartuxa Evora Reserva Tinto, Alentejo, Portugal",Alicante Bouschet - Aragonez,"5,765th",79,90
"Martinez Vintage Port, Portugal",Port Blend Red,"5,820th",255,89
"Anselmo Mendes Contacto Alvarinho, Vinho Verde, Portugal",Albarino (Alvarinho),"5,883rd",26,90
"Barbeito Boal, Madeira, Portugal",Bual (Malvasia Fina),"6,000th",740,93
"Taylor Fladgate 10 Year Old Tawny Port, Portugal",Port Blend Red,"6,077th",46,90
"Quinta da Romaneira Vintage Port, Portugal",Port Blend Red,"6,101st",90,92
"Wiese & Krohn Vintage Port, Portugal",Port Blend Red,"6,101st",185,90
"Fonseca Late Bottled Vintage Port, Portugal",Port Blend Red,"6,141st",35,90
"Quinta do Noval Unfiltered Late Bottled Vintage Port, Portugal",Port Blend Red,"6,182nd",39,90
"Feist Colheita Port, Portugal",Port Blend Red,"6,192nd",211,90
"Niepoort Redoma Branco, Douro, Portugal",Portuguese White Blend,"6,245th",31,91
"Quinta do Noval Touriga Nacional, Douro, Portugal",Touriga Nacional,"6,245th",61,91
"Herdade do Esporao 'Esporao' Reserva Branco, Alentejo, Portugal",Portuguese White Blend,"6,479th",26,89
"Alves de Sousa 'Abandonado' Tinto, Douro, Portugal",Portuguese Red Blend,"6,533rd",171,93
"Silk & Spice Red Blend, Portugal",Portuguese Red Blend,"6,555th",18,88
"Cockburn's Late Bottled Vintage Port, Portugal",Portuguese Red Blend,"6,568th",40,89
"Pocas Junior Vintage Port, Portugal",Port Blend Red,"6,597th",84,91
"Quinta do Vallado Reserva Field Blend, Douro, Portugal",Port Blend Red,"6,669th",72,92
"Quinta do Vale D. Dona Maria CV Curriculum Vitae, Douro, Portugal",Portuguese Red Blend,"6,669th",147,93
"Kopke Vinho Tinto, Douro, Portugal",Portuguese Red Blend,"6,669th",13,85
"Ferreira Late Bottled Vintage Port, Portugal",Portuguese Red Blend,"6,712th",33,90
"Barbeito Verdelho, Madeira, Portugal",Port Blend Red,"6,729th",347,
"Kopke Late Bottled Vintage Port, Portugal",Port Blend Red,"6,729th",37,88
"Ramos Pinto Late Bottled Vintage Port, Portugal",Port Blend Red,"6,759th",39,90
"Quinta do Crasto Superior, Douro, Portugal",Portuguese Red Blend,"6,785th",29,90
"Adega Viuva Gomes Tinto, Colares, Portugal",Ramisco,"6,797th",165,89
"W & J Graham's 20 Year Old Tawny Port, Portugal",Port Blend Red,"6,821st",92,92
"Aluado Alicante Bouschet, Lisboa, Portugal",Alicante Bouschet,"6,821st",18,87
"Blandy's Vintage Sercial, Madeira, Portugal",Sercial,"6,838th",448,93
"Croft Late Bottled Vintage Port, Portugal",Port Blend Red,"6,838th",29,87
"Ramos Pinto Duas Quintas Reserva, Douro, Portugal",Portuguese Red Blend,"6,864th",64,90
"Dow's Vale do Bomfim, Douro, Portugal",Portuguese Red Blend,"6,884th",20,87
"W & J Graham's 'Ne Oublie' Tawny Port, Portugal",Port Blend Red,"6,967th",11198,100
"Blandy's Vintage Malmsey, Madeira, Portugal",Malvasia,"6,986th",433,92
"Alves de Sousa Quinta da Gaivosa Tinto, Douro, Portugal",Portuguese Red Blend,"7,195th",68,91
"W & J Graham's 10 Year Old Tawny Port, Portugal",Port Blend Red,"7,211th",51,90
"Quinta do Crasto Roquette & Cazes, Douro, Portugal",Portuguese Red Blend,"7,261st",37,90
"Ramos Pinto Duas Quintas, Douro, Portugal",Portuguese Red Blend,"7,261st",26,89
"Bacalhoa - Caves Alianca 'Quinta da Bacalhoa' Cabernet Sauvignon, Vinho Regional Setubal Peninsula, Portugal",Portuguese Red Blend,"7,326th",48,90
"Quinta de la Rosa Vintage Port, Portugal",Port Blend Red,"7,498th",90,92
"Kopke Colheita White Port, Portugal",Port Blend White,"7,518th",73,92
"Quinta do Infantado Vintage Port, Portugal",Port Blend Red,"7,904th",101,89
"Real Companhia Velha 'Evel' Tinto, Douro, Portugal",Portuguese Red Blend,"7,988th",13,86
"Real Companhia Velha Quinta das Carvalhas 'Carvalhas' Tinto, Douro, Portugal",Portuguese Red Blend,"8,003rd",35,91
"Casa Ferreirinha 'Papa Figos' Tinto, Douro, Portugal",Portuguese Red Blend,"8,033rd",20,87
"Quinta do Passadouro Vintage Port, Portugal",Tinta Barroca - Tinta Roriz - Touriga,"8,033rd",105,91
"Blandy's Vintage Madeira Terrantez, Portugal",Port Blend Red,"8,131st",472,92
"Dow's Colheita Port, Portugal",Port Blend Red,"5,628th",92,90
"Niepoort Garrafeira Port, Portugal",Port Blend Red,"5,628th",931,96
"Quinta do Vale D. Dona Maria Tinto, Douro, Portugal",Portuguese Red Blend,"5,688th",86,92
"Cartuxa Evora Reserva Tinto, Alentejo, Portugal",Alicante Bouschet - Aragonez,"5,765th",79,90
"Martinez Vintage Port, Portugal",Port Blend Red,"5,820th",255,89
"Anselmo Mendes Contacto Alvarinho, Vinho Verde, Portugal",Albarino (Alvarinho),"5,883rd",26,90
"Barbeito Boal, Madeira, Portugal",Bual (Malvasia Fina),"6,000th",740,93
"Taylor Fladgate 10 Year Old Tawny Port, Portugal",Port Blend Red,"6,077th",46,90
"Quinta da Romaneira Vintage Port, Portugal",Port Blend Red,"6,101st",90,92
"Wiese & Krohn Vintage Port, Portugal",Port Blend Red,"6,101st",185,90
"Fonseca Late Bottled Vintage Port, Portugal",Port Blend Red,"6,141st",35,90
"Quinta do Noval Unfiltered Late Bottled Vintage Port, Portugal",Port Blend Red,"6,182nd",39,90
"Feist Colheita Port, Portugal",Port Blend Red,"6,192nd",211,90
"Niepoort Redoma Branco, Douro, Portugal",Portuguese White Blend,"6,245th",31,91
"Quinta do Noval Touriga Nacional, Douro, Portugal",Touriga Nacional,"6,245th",61,91
"Herdade do Esporao 'Esporao' Reserva Branco, Alentejo, Portugal",Portuguese White Blend,"6,479th",26,89
"Alves de Sousa 'Abandonado' Tinto, Douro, Portugal",Portuguese Red Blend,"6,533rd",171,93
"Silk & Spice Red Blend, Portugal",Portuguese Red Blend,"6,555th",18,88
"Cockburn's Late Bottled Vintage Port, Portugal",Portuguese Red Blend,"6,568th",40,89
"Pocas Junior Vintage Port, Portugal",Port Blend Red,"6,597th",84,91
"Quinta do Vallado Reserva Field Blend, Douro, Portugal",Port Blend Red,"6,669th",72,92
"Quinta do Vale D. Dona Maria CV Curriculum Vitae, Douro, Portugal",Portuguese Red Blend,"6,669th",147,93
"Kopke Vinho Tinto, Douro, Portugal",Portuguese Red Blend,"6,669th",13,85
"Ferreira Late Bottled Vintage Port, Portugal",Portuguese Red Blend,"6,712th",33,90
"Barbeito Verdelho, Madeira, Portugal",Port Blend Red,"6,729th",347,
"Kopke Late Bottled Vintage Port, Portugal",Port Blend Red,"6,729th",37,88
"Ramos Pinto Late Bottled Vintage Port, Portugal",Port Blend Red,"6,759th",39,90
"Quinta do Crasto Superior, Douro, Portugal",Portuguese Red Blend,"6,785th",29,90
"Adega Viuva Gomes Tinto, Colares, Portugal",Ramisco,"6,797th",165,89
"W & J Graham's 20 Year Old Tawny Port, Portugal",Port Blend Red,"6,821st",92,92
"Aluado Alicante Bouschet, Lisboa, Portugal",Alicante Bouschet,"6,821st",18,87
"Blandy's Vintage Sercial, Madeira, Portugal",Sercial,"6,838th",448,93
"Croft Late Bottled Vintage Port, Portugal",Port Blend Red,"6,838th",29,87
"Ramos Pinto Duas Quintas Reserva, Douro, Portugal",Portuguese Red Blend,"6,864th",64,90
"Dow's Vale do Bomfim, Douro, Portugal",Portuguese Red Blend,"6,884th",20,87
"W & J Graham's 'Ne Oublie' Tawny Port, Portugal",Port Blend Red,"6,967th",11198,100
"Blandy's Vintage Malmsey, Madeira, Portugal",Malvasia,"6,986th",433,92
"Alves de Sousa Quinta da Gaivosa Tinto, Douro, Portugal",Portuguese Red Blend,"7,195th",68,91
"W & J Graham's 10 Year Old Tawny Port, Portugal",Port Blend Red,"7,211th",51,90
"Quinta do Crasto Roquette & Cazes, Douro, Portugal",Portuguese Red Blend,"7,261st",37,90
"Ramos Pinto Duas Quintas, Douro, Portugal",Portuguese Red Blend,"7,261st",26,89
"Bacalhoa - Caves Alianca 'Quinta da Bacalhoa' Cabernet Sauvignon, Vinho Regional Setubal Peninsula, Portugal",Portuguese Red Blend,"7,326th",48,90
"Quinta de la Rosa Vintage Port, Portugal",Port Blend Red,"7,498th",90,92
"Kopke Colheita White Port, Portugal",Port Blend White,"7,518th",73,92
"Quinta do Infantado Vintage Port, Portugal",Port Blend Red,"7,904th",101,89
"Real Companhia Velha 'Evel' Tinto, Douro, Portugal",Portuguese Red Blend,"7,988th",13,86
"Real Companhia Velha Quinta das Carvalhas 'Carvalhas' Tinto, Douro, Portugal",Portuguese Red Blend,"8,003rd",35,91
"Casa Ferreirinha 'Papa Figos' Tinto, Douro, Portugal",Portuguese Red Blend,"8,033rd",20,87
"Quinta do Passadouro Vintage Port, Portugal",Tinta Barroca - Tinta Roriz - Touriga,"8,033rd",105,91
"Blandy's Vintage Madeira Terrantez, Portugal",Port Blend Red,"8,131st",472,92
"Niepoort Redoma Tinto, Douro, Portugal",Portuguese Red Blend,"4,412th",51,91
"Pocas Junior Colheita Port, Portugal",Port Blend Red,"4,515th",83,91
"Barbeito Frasqueira Verdelho, Madeira, Portugal",Verdelho,"4,603rd",343,93
"Niepoort Batuta Tinto, Douro, Portugal",Portuguese Red Blend,"4,603rd",117,91
"Casa Ferreirinha Reserva Especial, Douro, Portugal",Portuguese Red Blend,"4,603rd",457,92
"Quinta do Vale Meao 'Meandro' Tinto, Douro, Portugal",Portuguese Red Blend,"4,774th",42,90
"D'Oliveiras Sercial Vintage Madeira, Portugal",Sercial,"4,782nd",553,91
"Feist Vintage Port, Portugal",Port Blend Red,"4,782nd",204,85
"Rozes Porto Vintage Port, Portugal",Port Blend Red,"4,869th",81,92
"W & J Graham's 'The Stone Terraces' Vintage Port, Portugal",Port Blend Red,"4,922nd",468,96
"Warre's Quinta da Cavadinha Vintage Port, Portugal",Port Blend Red,"5,101st",73,92
"Barbeito Frasqueira Boal, Madeira, Portugal",Bual (Malvasia Fina),"5,160th",419,92
"Taylor Fladgate 20 Year Old Tawny Port, Portugal",Port Blend Red,"5,271st",79,92
"Dow's Quinta da Senhora da Ribeira Single Quinta Vintage Port, Portugal",Port Blend Red,"5,280th",95,92
"Quinta do Noval Tinto, Douro, Portugal",Portuguese Red Blend,"5,292nd",90,93
"Niepoort Redoma Reserva Branco, Douro, Portugal",Portuguese White Blend,"5,350th",66,92
"Quinta do Crasto 'Crasto', Douro, Portugal",Portuguese Red Blend,"5,380th",22,89
"P+S Prats & Symington Post Scriptum de Chryseia, Douro, Portugal",Portuguese Red Blend,"5,391st",37,90
"Barao de Vilar Colheita Port, Portugal",Port Blend Red,"5,439th",140,89
"Dow's Crusted Port, Portugal",Port Blend Red,"5,497th",46,88
"Calem Colheita Port, Portugal",Port Blend Red,"5,509th",51,91
"Quinta do Crasto Vintage Port, Portugal",Port Blend Red,"5,521st",73,92
"Quinta do Crasto Vinha da Ponte, Douro, Portugal",Port Blend Red,"5,521st",387,94
"Croft Quinta da Roeda Vintage Port, Portugal",Portuguese Red Blend,"5,540th",66,91
"Herdade do Mouchao Tinto, Alentejo, Portugal",Port Blend Red,"5,581st",79,87
"Dow's Colheita Port, Portugal",Port Blend Red,"5,628th",92,90
"Niepoort Garrafeira Port, Portugal",Port Blend Red,"5,628th",931,96
"Quinta do Vale D. Dona Maria Tinto, Douro, Portugal",Portuguese Red Blend,"5,688th",86,92
"Cartuxa Evora Reserva Tinto, Alentejo, Portugal",Alicante Bouschet - Aragonez,"5,765th",79,90
"Martinez Vintage Port, Portugal",Port Blend Red,"5,820th",255,89
"Anselmo Mendes Contacto Alvarinho, Vinho Verde, Portugal",Albarino (Alvarinho),"5,883rd",26,90
"Barbeito Boal, Madeira, Portugal",Bual (Malvasia Fina),"6,000th",740,93
"Taylor Fladgate 10 Year Old Tawny Port, Portugal",Port Blend Red,"6,077th",46,90
"Quinta da Romaneira Vintage Port, Portugal",Port Blend Red,"6,101st",90,92
"Wiese & Krohn Vintage Port, Portugal",Port Blend Red,"6,101st",185,90
"Fonseca Late Bottled Vintage Port, Portugal",Port Blend Red,"6,141st",35,90
"Quinta do Noval Unfiltered Late Bottled Vintage Port, Portugal",Port Blend Red,"6,182nd",39,90
"Feist Colheita Port, Portugal",Port Blend Red,"6,192nd",211,90
"Niepoort Redoma Branco, Douro, Portugal",Portuguese White Blend,"6,245th",31,91
"Quinta do Noval Touriga Nacional, Douro, Portugal",Touriga Nacional,"6,245th",61,91
"Herdade do Esporao 'Esporao' Reserva Branco, Alentejo, Portugal",Portuguese White Blend,"6,479th",26,89
"Alves de Sousa 'Abandonado' Tinto, Douro, Portugal",Portuguese Red Blend,"6,533rd",171,93
"Silk & Spice Red Blend, Portugal",Portuguese Red Blend,"6,555th",18,88
"Cockburn's Late Bottled Vintage Port, Portugal",Portuguese Red Blend,"6,568th",40,89
"Pocas Junior Vintage Port, Portugal",Port Blend Red,"6,597th",84,91
"Quinta do Vallado Reserva Field Blend, Douro, Portugal",Port Blend Red,"6,669th",72,92
"Quinta do Vale D. Dona Maria CV Curriculum Vitae, Douro, Portugal",Portuguese Red Blend,"6,669th",147,93
"Kopke Vinho Tinto, Douro, Portugal",Portuguese Red Blend,"6,669th",13,85
"Ferreira Late Bottled Vintage Port, Portugal",Portuguese Red Blend,"6,712th",33,90
"Barbeito Verdelho, Madeira, Portugal",Port Blend Red,"6,729th",347,
"Kopke Late Bottled Vintage Port, Portugal",Port Blend Red,"6,729th",37,88
"Ramos Pinto Late Bottled Vintage Port, Portugal",Port Blend Red,"6,759th",39,90
"Quinta do Crasto Superior, Douro, Portugal",Portuguese Red Blend,"6,785th",29,90
"Adega Viuva Gomes Tinto, Colares, Portugal",Ramisco,"6,797th",165,89
"W & J Graham's 20 Year Old Tawny Port, Portugal",Port Blend Red,"6,821st",92,92
"Aluado Alicante Bouschet, Lisboa, Portugal",Alicante Bouschet,"6,821st",18,87
"Blandy's Vintage Sercial, Madeira, Portugal",Sercial,"6,838th",448,93
"Croft Late Bottled Vintage Port, Portugal",Port Blend Red,"6,838th",29,87
"Ramos Pinto Duas Quintas Reserva, Douro, Portugal",Portuguese Red Blend,"6,864th",64,90
"Dow's Vale do Bomfim, Douro, Portugal",Portuguese Red Blend,"6,884th",20,87
"W & J Graham's 'Ne Oublie' Tawny Port, Portugal",Port Blend Red,"6,967th",11198,100
"Blandy's Vintage Malmsey, Madeira, Portugal",Malvasia,"6,986th",433,92
"Alves de Sousa Quinta da Gaivosa Tinto, Douro, Portugal",Portuguese Red Blend,"7,195th",68,91
"W & J Graham's 10 Year Old Tawny Port, Portugal",Port Blend Red,"7,211th",51,90
"Quinta do Crasto Roquette & Cazes, Douro, Portugal",Portuguese Red Blend,"7,261st",37,90
"Ramos Pinto Duas Quintas, Douro, Portugal",Portuguese Red Blend,"7,261st",26,89
"Bacalhoa - Caves Alianca 'Quinta da Bacalhoa' Cabernet Sauvignon, Vinho Regional Setubal Peninsula, Portugal",Portuguese Red Blend,"7,326th",48,90
"Quinta de la Rosa Vintage Port, Portugal",Port Blend Red,"7,498th",90,92
"Kopke Colheita White Port, Portugal",Port Blend White,"7,518th",73,92
"Quinta do Infantado Vintage Port, Portugal",Port Blend Red,"7,904th",101,89
"Real Companhia Velha 'Evel' Tinto, Douro, Portugal",Portuguese Red Blend,"7,988th",13,86
"Real Companhia Velha Quinta das Carvalhas 'Carvalhas' Tinto, Douro, Portugal",Portuguese Red Blend,"8,003rd",35,91
"Casa Ferreirinha 'Papa Figos' Tinto, Douro, Portugal",Portuguese Red Blend,"8,033rd",20,87
"Quinta do Passadouro Vintage Port, Portugal",Tinta Barroca - Tinta Roriz - Touriga,"8,033rd",105,91
"Blandy's Vintage Madeira Terrantez, Portugal",Port Blend Red,"8,131st",472,92
"Niepoort Redoma Tinto, Douro, Portugal",Portuguese Red Blend,"4,412th",51,91
"Pocas Junior Colheita Port, Portugal",Port Blend Red,"4,515th",83,91
"Barbeito Frasqueira Verdelho, Madeira, Portugal",Verdelho,"4,603rd",343,93
"Niepoort Batuta Tinto, Douro, Portugal",Portuguese Red Blend,"4,603rd",117,91
"Casa Ferreirinha Reserva Especial, Douro, Portugal",Portuguese Red Blend,"4,603rd",457,92
"Quinta do Vale Meao 'Meandro' Tinto, Douro, Portugal",Portuguese Red Blend,"4,774th",42,90
"D'Oliveiras Sercial Vintage Madeira, Portugal",Sercial,"4,782nd",553,91
"Feist Vintage Port, Portugal",Port Blend Red,"4,782nd",204,85
"Rozes Porto Vintage Port, Portugal",Port Blend Red,"4,869th",81,92
"W & J Graham's 'The Stone Terraces' Vintage Port, Portugal",Port Blend Red,"4,922nd",468,96
"Warre's Quinta da Cavadinha Vintage Port, Portugal",Port Blend Red,"5,101st",73,92
"Barbeito Frasqueira Boal, Madeira, Portugal",Bual (Malvasia Fina),"5,160th",419,92
"Taylor Fladgate 20 Year Old Tawny Port, Portugal",Port Blend Red,"5,271st",79,92
"Dow's Quinta da Senhora da Ribeira Single Quinta Vintage Port, Portugal",Port Blend Red,"5,280th",95,92
"Quinta do Noval Tinto, Douro, Portugal",Portuguese Red Blend,"5,292nd",90,93
"Niepoort Redoma Reserva Branco, Douro, Portugal",Portuguese White Blend,"5,350th",66,92
"Quinta do Crasto 'Crasto', Douro, Portugal",Portuguese Red Blend,"5,380th",22,89
"P+S Prats & Symington Post Scriptum de Chryseia, Douro, Portugal",Portuguese Red Blend,"5,391st",37,90
"Barao de Vilar Colheita Port, Portugal",Port Blend Red,"5,439th",140,89
"Dow's Crusted Port, Portugal",Port Blend Red,"5,497th",46,88
"Calem Colheita Port, Portugal",Port Blend Red,"5,509th",51,91
"Quinta do Crasto Vintage Port, Portugal",Port Blend Red,"5,521st",73,92
"Quinta do Crasto Vinha da Ponte, Douro, Portugal",Port Blend Red,"5,521st",387,94
"Croft Quinta da Roeda Vintage Port, Portugal",Portuguese Red Blend,"5,540th",66,91
"Herdade do Mouchao Tinto, Alentejo, Portugal",Port Blend Red,"5,581st",79,87
"Quinta do Vallado Tinto, Douro, Portugal",Portuguese Red Blend,"8,153rd",20,89
"Niepoort Bioma Vinha Velha Vintage Port, Portugal",Port Blend Red,"8,291st",149,94
"Quinta do Vale D. Dona Maria 'Vinha da Francisca', Douro, Portugal",Portuguese Red Blend,"8,346th",117,93
"Blandy's Vintage Verdelho, Madeira, Portugal",Verdelho,"8,442nd",444,92
"Cossart Gordon Bual Vintage, Madeira, Portugal",Bual (Malvasia Fina),"8,467th",472,93
"Herdade do Esporao Private Selection, Alentejo, Portugal",Alicante Bouschet - Aragonez,"8,537th",105,91
"Taylor Fladgate 40 Year Old Tawny Port, Portugal",Port Blend Red,"8,588th",325,94
"Niepoort Tiara Branco, Douro, Portugal",Portuguese White Blend,"8,632nd",55,90
"Quinta do Crasto Touriga Nacional, Douro, Portugal",Touriga Nacional,"8,632nd",97,92
"Quinta do Vesuvio Tinto, Douro, Portugal",Portuguese Red Blend,"8,660th",105,93
"W.J Hart Vintage Port, Portugal",Port Blend Red,"8,660th",206,
"Quinta do Portal Vintage Port, Portugal",Port Blend Red,"8,763rd",90,90
"Joao Portugal Ramos Marques de Borba, Alentejo, Portugal",Portuguese Red Blend,"8,798th",15,88
"Anselmo Mendes 'Parcela Unica' Alvarinho, Vinho Verde, Portugal",Albarino (Alvarinho),"8,996th",55,93
"Lancers Rose, Portugal",Portuguese Red Blend,"9,029th",11,81
"Casa Ferreirinha Callabriga, Douro, Portugal",Portuguese Red Blend,"9,119th",37,89
"Herdade da Maroteira Cem Reis Reserva Syrah, Vinho Regional Alentejano, Portugal",Syrah,"9,195th",106,90
"Alexandre de Almeida Hotels Bucaco Branco Reservado, Portugal",Portuguese White Blend,"9,195th",112,92
"Barao de Vilar Maynard's Vintage Port, Portugal",Port Blend Red,"9,195th",88,92
"Quarles Harris Vintage Port, Portugal",Port Blend Red,"9,243rd",123,92
"Ramos Pinto Quinta de Ervamoira Single Quinta Vintage Port, Portugal",Port Blend Red,"9,299th",123,90
"Quinta de Roriz Vintage Port, Portugal",Port Blend Red,"9,326th",99,92
"J H Andresen Colheita Port, Portugal",Port Blend Red,"9,382nd",138,91
"Real Companhia Velha Quinta das Carvalhas Vintage Port, Portugal",Port Blend Red,"9,525th",114,91
"Taylor Fladgate Golden Age 50 Year Very Old Tawny Port, Portugal",Port Blend Red,"9,561st",422,91
"Dow's Colheita Port, Portugal",Port Blend Red,"5,628th",92,90
"Niepoort Garrafeira Port, Portugal",Port Blend Red,"5,628th",931,96
"Quinta do Vale D. Dona Maria Tinto, Douro, Portugal",Portuguese Red Blend,"5,688th",86,92
"Cartuxa Evora Reserva Tinto, Alentejo, Portugal",Alicante Bouschet - Aragonez,"5,765th",79,90
"Martinez Vintage Port, Portugal",Port Blend Red,"5,820th",255,89
"Anselmo Mendes Contacto Alvarinho, Vinho Verde, Portugal",Albarino (Alvarinho),"5,883rd",26,90
"Barbeito Boal, Madeira, Portugal",Bual (Malvasia Fina),"6,000th",740,93
"Taylor Fladgate 10 Year Old Tawny Port, Portugal",Port Blend Red,"6,077th",46,90
"Quinta da Romaneira Vintage Port, Portugal",Port Blend Red,"6,101st",90,92
"Wiese & Krohn Vintage Port, Portugal",Port Blend Red,"6,101st",185,90
"Fonseca Late Bottled Vintage Port, Portugal",Port Blend Red,"6,141st",35,90
"Quinta do Noval Unfiltered Late Bottled Vintage Port, Portugal",Port Blend Red,"6,182nd",39,90
"Feist Colheita Port, Portugal",Port Blend Red,"6,192nd",211,90
"Niepoort Redoma Branco, Douro, Portugal",Portuguese White Blend,"6,245th",31,91
"Quinta do Noval Touriga Nacional, Douro, Portugal",Touriga Nacional,"6,245th",61,91
"Herdade do Esporao 'Esporao' Reserva Branco, Alentejo, Portugal",Portuguese White Blend,"6,479th",26,89
"Alves de Sousa 'Abandonado' Tinto, Douro, Portugal",Portuguese Red Blend,"6,533rd",171,93
"Silk & Spice Red Blend, Portugal",Portuguese Red Blend,"6,555th",18,88
"Cockburn's Late Bottled Vintage Port, Portugal",Portuguese Red Blend,"6,568th",40,89
"Pocas Junior Vintage Port, Portugal",Port Blend Red,"6,597th",84,91
"Quinta do Vallado Reserva Field Blend, Douro, Portugal",Port Blend Red,"6,669th",72,92
"Quinta do Vale D. Dona Maria CV Curriculum Vitae, Douro, Portugal",Portuguese Red Blend,"6,669th",147,93
"Kopke Vinho Tinto, Douro, Portugal",Portuguese Red Blend,"6,669th",13,85
"Ferreira Late Bottled Vintage Port, Portugal",Portuguese Red Blend,"6,712th",33,90
"Barbeito Verdelho, Madeira, Portugal",Port Blend Red,"6,729th",347,
"Kopke Late Bottled Vintage Port, Portugal",Port Blend Red,"6,729th",37,88
"Ramos Pinto Late Bottled Vintage Port, Portugal",Port Blend Red,"6,759th",39,90
"Quinta do Crasto Superior, Douro, Portugal",Portuguese Red Blend,"6,785th",29,90
"Adega Viuva Gomes Tinto, Colares, Portugal",Ramisco,"6,797th",165,89
"W & J Graham's 20 Year Old Tawny Port, Portugal",Port Blend Red,"6,821st",92,92
"Aluado Alicante Bouschet, Lisboa, Portugal",Alicante Bouschet,"6,821st",18,87
"Blandy's Vintage Sercial, Madeira, Portugal",Sercial,"6,838th",448,93
"Croft Late Bottled Vintage Port, Portugal",Port Blend Red,"6,838th",29,87
"Ramos Pinto Duas Quintas Reserva, Douro, Portugal",Portuguese Red Blend,"6,864th",64,90
"Dow's Vale do Bomfim, Douro, Portugal",Portuguese Red Blend,"6,884th",20,87
"W & J Graham's 'Ne Oublie' Tawny Port, Portugal",Port Blend Red,"6,967th",11198,100
"Blandy's Vintage Malmsey, Madeira, Portugal",Malvasia,"6,986th",433,92
"Alves de Sousa Quinta da Gaivosa Tinto, Douro, Portugal",Portuguese Red Blend,"7,195th",68,91
"W & J Graham's 10 Year Old Tawny Port, Portugal",Port Blend Red,"7,211th",51,90
"Quinta do Crasto Roquette & Cazes, Douro, Portugal",Portuguese Red Blend,"7,261st",37,90
"Ramos Pinto Duas Quintas, Douro, Portugal",Portuguese Red Blend,"7,261st",26,89
"Bacalhoa - Caves Alianca 'Quinta da Bacalhoa' Cabernet Sauvignon, Vinho Regional Setubal Peninsula, Portugal",Portuguese Red Blend,"7,326th",48,90
"Quinta de la Rosa Vintage Port, Portugal",Port Blend Red,"7,498th",90,92
"Kopke Colheita White Port, Portugal",Port Blend White,"7,518th",73,92
"Quinta do Infantado Vintage Port, Portugal",Port Blend Red,"7,904th",101,89
"Real Companhia Velha 'Evel' Tinto, Douro, Portugal",Portuguese Red Blend,"7,988th",13,86
"Real Companhia Velha Quinta das Carvalhas 'Carvalhas' Tinto, Douro, Portugal",Portuguese Red Blend,"8,003rd",35,91
"Casa Ferreirinha 'Papa Figos' Tinto, Douro, Portugal",Portuguese Red Blend,"8,033rd",20,87
"Quinta do Passadouro Vintage Port, Portugal",Tinta Barroca - Tinta Roriz - Touriga,"8,033rd",105,91
"Blandy's Vintage Madeira Terrantez, Portugal",Port Blend Red,"8,131st",472,92
"Niepoort Redoma Tinto, Douro, Portugal",Portuguese Red Blend,"4,412th",51,91
"Pocas Junior Colheita Port, Portugal",Port Blend Red,"4,515th",83,91
"Barbeito Frasqueira Verdelho, Madeira, Portugal",Verdelho,"4,603rd",343,93
"Niepoort Batuta Tinto, Douro, Portugal",Portuguese Red Blend,"4,603rd",117,91
"Casa Ferreirinha Reserva Especial, Douro, Portugal",Portuguese Red Blend,"4,603rd",457,92
"Quinta do Vale Meao 'Meandro' Tinto, Douro, Portugal",Portuguese Red Blend,"4,774th",42,90
"D'Oliveiras Sercial Vintage Madeira, Portugal",Sercial,"4,782nd",553,91
"Feist Vintage Port, Portugal",Port Blend Red,"4,782nd",204,85
"Rozes Porto Vintage Port, Portugal",Port Blend Red,"4,869th",81,92
"W & J Graham's 'The Stone Terraces' Vintage Port, Portugal",Port Blend Red,"4,922nd",468,96
"Warre's Quinta da Cavadinha Vintage Port, Portugal",Port Blend Red,"5,101st",73,92
"Barbeito Frasqueira Boal, Madeira, Portugal",Bual (Malvasia Fina),"5,160th",419,92
"Taylor Fladgate 20 Year Old Tawny Port, Portugal",Port Blend Red,"5,271st",79,92
"Dow's Quinta da Senhora da Ribeira Single Quinta Vintage Port, Portugal",Port Blend Red,"5,280th",95,92
"Quinta do Noval Tinto, Douro, Portugal",Portuguese Red Blend,"5,292nd",90,93
"Niepoort Redoma Reserva Branco, Douro, Portugal",Portuguese White Blend,"5,350th",66,92
"Quinta do Crasto 'Crasto', Douro, Portugal",Portuguese Red Blend,"5,380th",22,89
"P+S Prats & Symington Post Scriptum de Chryseia, Douro, Portugal",Portuguese Red Blend,"5,391st",37,90
"Barao de Vilar Colheita Port, Portugal",Port Blend Red,"5,439th",140,89
"Dow's Crusted Port, Portugal",Port Blend Red,"5,497th",46,88
"Calem Colheita Port, Portugal",Port Blend Red,"5,509th",51,91
"Quinta do Crasto Vintage Port, Portugal",Port Blend Red,"5,521st",73,92
"Quinta do Crasto Vinha da Ponte, Douro, Portugal",Port Blend Red,"5,521st",387,94
"Croft Quinta da Roeda Vintage Port, Portugal",Portuguese Red Blend,"5,540th",66,91
"Herdade do Mouchao Tinto, Alentejo, Portugal",Port Blend Red,"5,581st",79,87
"Quinta do Vallado Tinto, Douro, Portugal",Portuguese Red Blend,"8,153rd",20,89
"Niepoort Bioma Vinha Velha Vintage Port, Portugal",Port Blend Red,"8,291st",149,94
"Quinta do Vale D. Dona Maria 'Vinha da Francisca', Douro, Portugal",Portuguese Red Blend,"8,346th",117,93
"Blandy's Vintage Verdelho, Madeira, Portugal",Verdelho,"8,442nd",444,92
"Cossart Gordon Bual Vintage, Madeira, Portugal",Bual (Malvasia Fina),"8,467th",472,93
"Herdade do Esporao Private Selection, Alentejo, Portugal",Alicante Bouschet - Aragonez,"8,537th",105,91
"Taylor Fladgate 40 Year Old Tawny Port, Portugal",Port Blend Red,"8,588th",325,94
"Niepoort Tiara Branco, Douro, Portugal",Portuguese White Blend,"8,632nd",55,90
"Quinta do Crasto Touriga Nacional, Douro, Portugal",Touriga Nacional,"8,632nd",97,92
"Quinta do Vesuvio Tinto, Douro, Portugal",Portuguese Red Blend,"8,660th",105,93
"W.J Hart Vintage Port, Portugal",Port Blend Red,"8,660th",206,
"Quinta do Portal Vintage Port, Portugal",Port Blend Red,"8,763rd",90,90
"Joao Portugal Ramos Marques de Borba, Alentejo, Portugal",Portuguese Red Blend,"8,798th",15,88
"Anselmo Mendes 'Parcela Unica' Alvarinho, Vinho Verde, Portugal",Albarino (Alvarinho),"8,996th",55,93
"Lancers Rose, Portugal",Portuguese Red Blend,"9,029th",11,81
"Casa Ferreirinha Callabriga, Douro, Portugal",Portuguese Red Blend,"9,119th",37,89
"Herdade da Maroteira Cem Reis Reserva Syrah, Vinho Regional Alentejano, Portugal",Syrah,"9,195th",106,90
"Alexandre de Almeida Hotels Bucaco Branco Reservado, Portugal",Portuguese White Blend,"9,195th",112,92
"Barao de Vilar Maynard's Vintage Port, Portugal",Port Blend Red,"9,195th",88,92
"Quarles Harris Vintage Port, Portugal",Port Blend Red,"9,243rd",123,92
"Ramos Pinto Quinta de Ervamoira Single Quinta Vintage Port, Portugal",Port Blend Red,"9,299th",123,90
"Quinta de Roriz Vintage Port, Portugal",Port Blend Red,"9,326th",99,92
"J H Andresen Colheita Port, Portugal",Port Blend Red,"9,382nd",138,91
"Real Companhia Velha Quinta das Carvalhas Vintage Port, Portugal",Port Blend Red,"9,525th",114,91
"Taylor Fladgate Golden Age 50 Year Very Old Tawny Port, Portugal",Port Blend Red,"9,561st",422,91
"Taylor Fladgate Quinta de Terra Feita Vintage Port, Portugal",Port Blend Red,"9,597th",95,90
"Adega Cooperativa de Borba 'Rotulo Cortica' Reserva, Alentejo, Portugal",Alicante Bouschet - Aragonez - Trincadeira,"9,633rd",29,88
"Sandeman Vau Vintage Porto, Portugal",Port Blend Red,"9,633rd",83,89
"Wine & Soul Pintas Character Tinto, Douro, Portugal",Portuguese Red Blend,"9,690th",50,91
"Taylor Fladgate Fine Tawny Port, Portugal",Port Blend Red,"9,746th",24,87
"Luis Pato 'Vinha Pan' Tinto, Beiras, Portugal",Alicante Bouschet,"9,781st",51,91
"Quinta do Vesuvio 'Capela' Vintage Port, Portugal",Port Blend Red,"9,826th",286,95
"Wine & Soul 'Quinta da Manoella' Vinhas Velhas, Douro, Portugal",Portuguese Red Blend,"9,863rd",141,93
"D'Oliveiras Terrantez Vintage Madeira, Portugal",Terrantez,"10,003rd",600,92
"Niepoort Fabulosos 'Fabelhaft', Douro, Portugal",Portuguese Red Blend,"10,123rd",18,87
"W & J Graham's Crusted Port, Portugal",Port Blend Red,"10,165th",44,88
"Quinta do Vale Meao Vintage Port, Portugal",Port Blend Red,"10,165th",121,93
"Sogrape Vinhos 'Legado' Fernando Guedes, Douro, Portugal",Port Blend Red,"10,259th",529,93
"Quinta do Noval Reserva Tinto, Douro, Portugal",Portuguese Red Blend,"10,319th",75,92
"Herdade do Esporao Monte Velho, Vinho Regional Alentejano, Portugal",Portuguese Red Blend,"10,353rd",15,87
"W & J Graham's 30 Year Old Tawny Port, Portugal",Portuguese Red Blend,"10,455th",195,92
"C. da Silva Presidential Vintage Port, Portugal",Syrah,"10,567th",116,86
"Niepoort Vertente Tinto, Douro, Portugal",Port Blend Red,"10,567th",29,89
"Quinta de la Rosa Late Bottled Vintage Port, Portugal",Tinta Roriz (Aragonez) - Touriga,"10,646th",40,89
"Taylor Fladgate Limited Editions 1863 Single Harvest Port, Portugal",Port Blend Red,"10,684th",3883,
"Wine & Soul 'Guru' Branco, Douro, Portugal",Port Blend Red,"10,760th",57,91
"Fonseca Quinta Do Panascal Single Quinta Vintage Port, Portugal",Portuguese White Blend,"10,760th",73,91
"Feuerheerd's Colheita Port, Portugal",Port Blend Red,"10,797th",97,90
"Fonseca Premium Reserve Bin 27 Port, Portugal",Port Blend Red,"10,864th",28,89
"Feuerheerd's Vintage Port, Portugal",Port Blend Red,"11,010th",147,
"Dow's Colheita Port, Portugal",Port Blend Red,"5,628th",92,90
"Niepoort Garrafeira Port, Portugal",Port Blend Red,"5,628th",931,96
"Quinta do Vale D. Dona Maria Tinto, Douro, Portugal",Portuguese Red Blend,"5,688th",86,92
"Cartuxa Evora Reserva Tinto, Alentejo, Portugal",Alicante Bouschet - Aragonez,"5,765th",79,90
"Martinez Vintage Port, Portugal",Port Blend Red,"5,820th",255,89
"Anselmo Mendes Contacto Alvarinho, Vinho Verde, Portugal",Albarino (Alvarinho),"5,883rd",26,90
"Barbeito Boal, Madeira, Portugal",Bual (Malvasia Fina),"6,000th",740,93
"Taylor Fladgate 10 Year Old Tawny Port, Portugal",Port Blend Red,"6,077th",46,90
"Quinta da Romaneira Vintage Port, Portugal",Port Blend Red,"6,101st",90,92
"Wiese & Krohn Vintage Port, Portugal",Port Blend Red,"6,101st",185,90
"Fonseca Late Bottled Vintage Port, Portugal",Port Blend Red,"6,141st",35,90
"Quinta do Noval Unfiltered Late Bottled Vintage Port, Portugal",Port Blend Red,"6,182nd",39,90
"Feist Colheita Port, Portugal",Port Blend Red,"6,192nd",211,90
"Niepoort Redoma Branco, Douro, Portugal",Portuguese White Blend,"6,245th",31,91
"Quinta do Noval Touriga Nacional, Douro, Portugal",Touriga Nacional,"6,245th",61,91
"Herdade do Esporao 'Esporao' Reserva Branco, Alentejo, Portugal",Portuguese White Blend,"6,479th",26,89
"Alves de Sousa 'Abandonado' Tinto, Douro, Portugal",Portuguese Red Blend,"6,533rd",171,93
"Silk & Spice Red Blend, Portugal",Portuguese Red Blend,"6,555th",18,88
"Cockburn's Late Bottled Vintage Port, Portugal",Portuguese Red Blend,"6,568th",40,89
"Pocas Junior Vintage Port, Portugal",Port Blend Red,"6,597th",84,91
"Quinta do Vallado Reserva Field Blend, Douro, Portugal",Port Blend Red,"6,669th",72,92
"Quinta do Vale D. Dona Maria CV Curriculum Vitae, Douro, Portugal",Portuguese Red Blend,"6,669th",147,93
"Kopke Vinho Tinto, Douro, Portugal",Portuguese Red Blend,"6,669th",13,85
"Ferreira Late Bottled Vintage Port, Portugal",Portuguese Red Blend,"6,712th",33,90
"Barbeito Verdelho, Madeira, Portugal",Port Blend Red,"6,729th",347,
"Kopke Late Bottled Vintage Port, Portugal",Port Blend Red,"6,729th",37,88
"Ramos Pinto Late Bottled Vintage Port, Portugal",Port Blend Red,"6,759th",39,90
"Quinta do Crasto Superior, Douro, Portugal",Portuguese Red Blend,"6,785th",29,90
"Adega Viuva Gomes Tinto, Colares, Portugal",Ramisco,"6,797th",165,89
"W & J Graham's 20 Year Old Tawny Port, Portugal",Port Blend Red,"6,821st",92,92
"Aluado Alicante Bouschet, Lisboa, Portugal",Alicante Bouschet,"6,821st",18,87
"Blandy's Vintage Sercial, Madeira, Portugal",Sercial,"6,838th",448,93
"Croft Late Bottled Vintage Port, Portugal",Port Blend Red,"6,838th",29,87
"Ramos Pinto Duas Quintas Reserva, Douro, Portugal",Portuguese Red Blend,"6,864th",64,90
"Dow's Vale do Bomfim, Douro, Portugal",Portuguese Red Blend,"6,884th",20,87
"W & J Graham's 'Ne Oublie' Tawny Port, Portugal",Port Blend Red,"6,967th",11198,100
"Blandy's Vintage Malmsey, Madeira, Portugal",Malvasia,"6,986th",433,92
"Alves de Sousa Quinta da Gaivosa Tinto, Douro, Portugal",Portuguese Red Blend,"7,195th",68,91
"W & J Graham's 10 Year Old Tawny Port, Portugal",Port Blend Red,"7,211th",51,90
"Quinta do Crasto Roquette & Cazes, Douro, Portugal",Portuguese Red Blend,"7,261st",37,90
"Ramos Pinto Duas Quintas, Douro, Portugal",Portuguese Red Blend,"7,261st",26,89
"Bacalhoa - Caves Alianca 'Quinta da Bacalhoa' Cabernet Sauvignon, Vinho Regional Setubal Peninsula, Portugal",Portuguese Red Blend,"7,326th",48,90
"Quinta de la Rosa Vintage Port, Portugal",Port Blend Red,"7,498th",90,92
"Kopke Colheita White Port, Portugal",Port Blend White,"7,518th",73,92
"Quinta do Infantado Vintage Port, Portugal",Port Blend Red,"7,904th",101,89
"Real Companhia Velha 'Evel' Tinto, Douro, Portugal",Portuguese Red Blend,"7,988th",13,86
"Real Companhia Velha Quinta das Carvalhas 'Carvalhas' Tinto, Douro, Portugal",Portuguese Red Blend,"8,003rd",35,91
"Casa Ferreirinha 'Papa Figos' Tinto, Douro, Portugal",Portuguese Red Blend,"8,033rd",20,87
"Quinta do Passadouro Vintage Port, Portugal",Tinta Barroca - Tinta Roriz - Touriga,"8,033rd",105,91
"Blandy's Vintage Madeira Terrantez, Portugal",Port Blend Red,"8,131st",472,92
"Niepoort Redoma Tinto, Douro, Portugal",Portuguese Red Blend,"4,412th",51,91
"Pocas Junior Colheita Port, Portugal",Port Blend Red,"4,515th",83,91
"Barbeito Frasqueira Verdelho, Madeira, Portugal",Verdelho,"4,603rd",343,93
"Niepoort Batuta Tinto, Douro, Portugal",Portuguese Red Blend,"4,603rd",117,91
"Casa Ferreirinha Reserva Especial, Douro, Portugal",Portuguese Red Blend,"4,603rd",457,92
"Quinta do Vale Meao 'Meandro' Tinto, Douro, Portugal",Portuguese Red Blend,"4,774th",42,90
"D'Oliveiras Sercial Vintage Madeira, Portugal",Sercial,"4,782nd",553,91
"Feist Vintage Port, Portugal",Port Blend Red,"4,782nd",204,85
"Rozes Porto Vintage Port, Portugal",Port Blend Red,"4,869th",81,92
"W & J Graham's 'The Stone Terraces' Vintage Port, Portugal",Port Blend Red,"4,922nd",468,96
"Warre's Quinta da Cavadinha Vintage Port, Portugal",Port Blend Red,"5,101st",73,92
"Barbeito Frasqueira Boal, Madeira, Portugal",Bual (Malvasia Fina),"5,160th",419,92
"Taylor Fladgate 20 Year Old Tawny Port, Portugal",Port Blend Red,"5,271st",79,92
"Dow's Quinta da Senhora da Ribeira Single Quinta Vintage Port, Portugal",Port Blend Red,"5,280th",95,92
"Quinta do Noval Tinto, Douro, Portugal",Portuguese Red Blend,"5,292nd",90,93
"Niepoort Redoma Reserva Branco, Douro, Portugal",Portuguese White Blend,"5,350th",66,92
"Quinta do Crasto 'Crasto', Douro, Portugal",Portuguese Red Blend,"5,380th",22,89
"P+S Prats & Symington Post Scriptum de Chryseia, Douro, Portugal",Portuguese Red Blend,"5,391st",37,90
"Barao de Vilar Colheita Port, Portugal",Port Blend Red,"5,439th",140,89
"Dow's Crusted Port, Portugal",Port Blend Red,"5,497th",46,88
"Calem Colheita Port, Portugal",Port Blend Red,"5,509th",51,91
"Quinta do Crasto Vintage Port, Portugal",Port Blend Red,"5,521st",73,92
"Quinta do Crasto Vinha da Ponte, Douro, Portugal",Port Blend Red,"5,521st",387,94
"Croft Quinta da Roeda Vintage Port, Portugal",Portuguese Red Blend,"5,540th",66,91
"Herdade do Mouchao Tinto, Alentejo, Portugal",Port Blend Red,"5,581st",79,87
"Quinta do Vallado Tinto, Douro, Portugal",Portuguese Red Blend,"8,153rd",20,89
"Niepoort Bioma Vinha Velha Vintage Port, Portugal",Port Blend Red,"8,291st",149,94
"Quinta do Vale D. Dona Maria 'Vinha da Francisca', Douro, Portugal",Portuguese Red Blend,"8,346th",117,93
"Blandy's Vintage Verdelho, Madeira, Portugal",Verdelho,"8,442nd",444,92
"Cossart Gordon Bual Vintage, Madeira, Portugal",Bual (Malvasia Fina),"8,467th",472,93
"Herdade do Esporao Private Selection, Alentejo, Portugal",Alicante Bouschet - Aragonez,"8,537th",105,91
"Taylor Fladgate 40 Year Old Tawny Port, Portugal",Port Blend Red,"8,588th",325,94
"Niepoort Tiara Branco, Douro, Portugal",Portuguese White Blend,"8,632nd",55,90
"Quinta do Crasto Touriga Nacional, Douro, Portugal",Touriga Nacional,"8,632nd",97,92
"Quinta do Vesuvio Tinto, Douro, Portugal",Portuguese Red Blend,"8,660th",105,93
"W.J Hart Vintage Port, Portugal",Port Blend Red,"8,660th",206,
"Quinta do Portal Vintage Port, Portugal",Port Blend Red,"8,763rd",90,90
"Joao Portugal Ramos Marques de Borba, Alentejo, Portugal",Portuguese Red Blend,"8,798th",15,88
"Anselmo Mendes 'Parcela Unica' Alvarinho, Vinho Verde, Portugal",Albarino (Alvarinho),"8,996th",55,93
"Lancers Rose, Portugal",Portuguese Red Blend,"9,029th",11,81
"Casa Ferreirinha Callabriga, Douro, Portugal",Portuguese Red Blend,"9,119th",37,89
"Herdade da Maroteira Cem Reis Reserva Syrah, Vinho Regional Alentejano, Portugal",Syrah,"9,195th",106,90
"Alexandre de Almeida Hotels Bucaco Branco Reservado, Portugal",Portuguese White Blend,"9,195th",112,92
"Barao de Vilar Maynard's Vintage Port, Portugal",Port Blend Red,"9,195th",88,92
"Quarles Harris Vintage Port, Portugal",Port Blend Red,"9,243rd",123,92
"Ramos Pinto Quinta de Ervamoira Single Quinta Vintage Port, Portugal",Port Blend Red,"9,299th",123,90
"Quinta de Roriz Vintage Port, Portugal",Port Blend Red,"9,326th",99,92
"J H Andresen Colheita Port, Portugal",Port Blend Red,"9,382nd",138,91
"Real Companhia Velha Quinta das Carvalhas Vintage Port, Portugal",Port Blend Red,"9,525th",114,91
"Taylor Fladgate Golden Age 50 Year Very Old Tawny Port, Portugal",Port Blend Red,"9,561st",422,91
"Taylor Fladgate Quinta de Terra Feita Vintage Port, Portugal",Port Blend Red,"9,597th",95,90
"Adega Cooperativa de Borba 'Rotulo Cortica' Reserva, Alentejo, Portugal",Alicante Bouschet - Aragonez - Trincadeira,"9,633rd",29,88
"Sandeman Vau Vintage Porto, Portugal",Port Blend Red,"9,633rd",83,89
"Wine & Soul Pintas Character Tinto, Douro, Portugal",Portuguese Red Blend,"9,690th",50,91
"Taylor Fladgate Fine Tawny Port, Portugal",Port Blend Red,"9,746th",24,87
"Luis Pato 'Vinha Pan' Tinto, Beiras, Portugal",Alicante Bouschet,"9,781st",51,91
"Quinta do Vesuvio 'Capela' Vintage Port, Portugal",Port Blend Red,"9,826th",286,95
"Wine & Soul 'Quinta da Manoella' Vinhas Velhas, Douro, Portugal",Portuguese Red Blend,"9,863rd",141,93
"D'Oliveiras Terrantez Vintage Madeira, Portugal",Terrantez,"10,003rd",600,92
"Niepoort Fabulosos 'Fabelhaft', Douro, Portugal",Portuguese Red Blend,"10,123rd",18,87
"W & J Graham's Crusted Port, Portugal",Port Blend Red,"10,165th",44,88
"Quinta do Vale Meao Vintage Port, Portugal",Port Blend Red,"10,165th",121,93
"Sogrape Vinhos 'Legado' Fernando Guedes, Douro, Portugal",Port Blend Red,"10,259th",529,93
"Quinta do Noval Reserva Tinto, Douro, Portugal",Portuguese Red Blend,"10,319th",75,92
"Herdade do Esporao Monte Velho, Vinho Regional Alentejano, Portugal",Portuguese Red Blend,"10,353rd",15,87
"W & J Graham's 30 Year Old Tawny Port, Portugal",Portuguese Red Blend,"10,455th",195,92
"C. da Silva Presidential Vintage Port, Portugal",Syrah,"10,567th",116,86
"Niepoort Vertente Tinto, Douro, Portugal",Port Blend Red,"10,567th",29,89
"Quinta de la Rosa Late Bottled Vintage Port, Portugal",Tinta Roriz (Aragonez) - Touriga,"10,646th",40,89
"Taylor Fladgate Limited Editions 1863 Single Harvest Port, Portugal",Port Blend Red,"10,684th",3883,
"Wine & Soul 'Guru' Branco, Douro, Portugal",Port Blend Red,"10,760th",57,91
"Fonseca Quinta Do Panascal Single Quinta Vintage Port, Portugal",Portuguese White Blend,"10,760th",73,91
"Feuerheerd's Colheita Port, Portugal",Port Blend Red,"10,797th",97,90
"Fonseca Premium Reserve Bin 27 Port, Portugal",Port Blend Red,"10,864th",28,89
"Feuerheerd's Vintage Port, Portugal",Port Blend Red,"11,010th",147,
"Real Vinicola Garrafeira Port, Portugal",Port Blend Red,"11,010th",1057,
"Adega de Moncao 'Muralhas de Moncao', Vinho Verde, Portugal",Albarino (Alvarinho),"11,057th",15,86
"Churchill's Late Bottled Vintage Port, Portugal",Port Blend Red,"11,057th",39,89
"Casal Garcia Branco, Vinho Verde, Portugal",Arinto (Pederna) - Loureiro,"11,057th",13,84
"Quinta do Noval Cedro do Noval, Vinho Regional Duriense, Portugal",Portuguese Red Blend,"11,098th",29,89
"Quinta do Poeira 'Poeira', Douro, Portugal",Portuguese Red Blend,"11,098th",73,92
"Cockburn's Quinta Dos Canais Vintage Port, Portugal",Port Blend Red,"11,181st",81,91
"Licor Beirao, Portugal",Liqueur - Herb - Spice,"11,218th",26,90
"Real Companhia Velha Royal Oporto Late Bottled Vintage Port, Portugal",Port Blend Red,"11,218th",29,88
"Quinta do Crasto Late Bottled Vintage Port, Portugal",Port Blend Red,"11,218th",33,90
"Wine & Soul Pintas Vintage Port, Portugal",Port Blend Red,"11,297th",136,93
"Luis Pato Quinta do Ribeirinho Pe Franco, Beiras, Portugal",Baga,"11,338th",279,93
"Caves Messias Quinta do Cachao Vintage Port, Portugal",Port Blend Red,"11,338th",229,88
"Alexandre de Almeida Hotels 'Bucaco' Reservado Tinto, Portugal",Portuguese Red Blend,"11,406th",125,93
"Quinta do Portal Colheita, Douro, Portugal",Tinta Roriz (Aragonez) - Touriga,"11,406th",22,88
"Cockburn's Special Reserve Port, Portugal",Port Blend Red,"11,543rd",29,87
"Quinta de Cabriz 'Cabriz' Colheita Seleccionada Tinto, Dao, Portugal",Alfrocheiro Preto - Tinta Roriz - Touriga,"11,632nd",13,93
"Herdade do Mouchao Tonel 3-4, Alentejo, Portugal",Alicante Bouschet,"11,721st",349,90
"Real Vinicola Vintage Port, Portugal",Port Blend Red,"11,761st",217,91
"Rozes Late Bottled Vintage LBV Port, Portugal",Port Blend Red,"11,810th",48,87
"Niepoort Poeirinho Baga, Bairrada, Portugal",Baga,"11,847th",68,91
"Fitapreta Palpite Tinto Reserva, Vinho Regional Alentejano, Portugal",Red Blend,"11,899th",31,87
"Hooper's Vintage Port, Portugal",Port Blend Red,"11,943rd",180,90
"J H Andresen Vintage Port, Portugal",Port Blend Red,"11,987th",95,92
"W & J Graham's 40 Year Old Tawny Port, Portugal",Port Blend Red,"12,031st",301,87
"Dow's Colheita Port, Portugal",Port Blend Red,"5,628th",92,90
"Niepoort Garrafeira Port, Portugal",Port Blend Red,"5,628th",931,96
"Quinta do Vale D. Dona Maria Tinto, Douro, Portugal",Portuguese Red Blend,"5,688th",86,92
"Cartuxa Evora Reserva Tinto, Alentejo, Portugal",Alicante Bouschet - Aragonez,"5,765th",79,90
"Martinez Vintage Port, Portugal",Port Blend Red,"5,820th",255,89
"Anselmo Mendes Contacto Alvarinho, Vinho Verde, Portugal",Albarino (Alvarinho),"5,883rd",26,90
"Barbeito Boal, Madeira, Portugal",Bual (Malvasia Fina),"6,000th",740,93
"Taylor Fladgate 10 Year Old Tawny Port, Portugal",Port Blend Red,"6,077th",46,90
"Quinta da Romaneira Vintage Port, Portugal",Port Blend Red,"6,101st",90,92
"Wiese & Krohn Vintage Port, Portugal",Port Blend Red,"6,101st",185,90
"Fonseca Late Bottled Vintage Port, Portugal",Port Blend Red,"6,141st",35,90
"Quinta do Noval Unfiltered Late Bottled Vintage Port, Portugal",Port Blend Red,"6,182nd",39,90
"Feist Colheita Port, Portugal",Port Blend Red,"6,192nd",211,90
"Niepoort Redoma Branco, Douro, Portugal",Portuguese White Blend,"6,245th",31,91
"Quinta do Noval Touriga Nacional, Douro, Portugal",Touriga Nacional,"6,245th",61,91
"Herdade do Esporao 'Esporao' Reserva Branco, Alentejo, Portugal",Portuguese White Blend,"6,479th",26,89
"Alves de Sousa 'Abandonado' Tinto, Douro, Portugal",Portuguese Red Blend,"6,533rd",171,93
"Silk & Spice Red Blend, Portugal",Portuguese Red Blend,"6,555th",18,88
"Cockburn's Late Bottled Vintage Port, Portugal",Portuguese Red Blend,"6,568th",40,89
"Pocas Junior Vintage Port, Portugal",Port Blend Red,"6,597th",84,91
"Quinta do Vallado Reserva Field Blend, Douro, Portugal",Port Blend Red,"6,669th",72,92
"Quinta do Vale D. Dona Maria CV Curriculum Vitae, Douro, Portugal",Portuguese Red Blend,"6,669th",147,93
"Kopke Vinho Tinto, Douro, Portugal",Portuguese Red Blend,"6,669th",13,85
"Ferreira Late Bottled Vintage Port, Portugal",Portuguese Red Blend,"6,712th",33,90
"Barbeito Verdelho, Madeira, Portugal",Port Blend Red,"6,729th",347,92
"2023 Adega Cooperativa de Borba 'Montes Claros' Colheita Branco, Alentejo, Portugal",Portuguese White Blend,"37,236th",6,95
"2017 Taylor Fladgate Vintage Port, Portugal",Port Blend Red,151st,149,96
"2016 Taylor Fladgate Vintage Port, Portugal",Port Blend Red,151st,138,96
"NV Coimbra de Mattos Valriz Tawny Port, Portugal",Port Blend Red,"56,875th",9,94
"2021 Quinta das Bageiras Colheita, Bairrada, Portugal",Portuguese Red Blend,"98,413th",13,92
"2016 Fonseca Vintage Port, Portugal",Port Blend Red,300th,141,96
"2017 Fonseca Vintage Port, Portugal",Port Blend Red,300th,143,95
"2016 W & J Graham's Vintage Port, Portugal",Port Blend Red,229th,145,95
"2017 Niepoort Vintage Port, Portugal",Port Blend Red,725th,185,96
"2016 Dow's Vintage Port, Portugal",Port Blend Red,191st,147,95
"2021 Luis Duarte Rubrica Tinto, Vinho Regional Alentejano, Portugal",Portuguese Red Blend,"48,312th",24,95
"2018 Conceito Tinto, Douro, Portugal",Tinta Roriz (Aragonez) - Touriga,"24,276th",50,94
"2017 Quinta do Noval Vintage Port, Portugal",Port Blend Red,306th,154,96
"2016 Barao de Vilar Maynard's Vintage Port, Portugal",Port Blend Red,"9,195th",92,95
"2017 Dow's Vintage Port, Portugal",Port Blend Red,191st,156,95
"2022 Quinta Nova de Nossa Senhora do Carmo Terroir Blend Reserva, Douro, Portugal",Portuguese Red Blend,"24,643rd",26,93
"2020 Quinta da Pedra Escrita Tinto, Douro, Portugal",Portuguese Red Blend,"44,397th",28,94
"2017 W & J Graham's Vintage Port, Portugal",Port Blend Red,229th,165,95
"2020 Quinta da Foz Reserva, Douro, Portugal",Portuguese Red Blend,"59,107th",33,95
"2018 W & J Graham's Quinta dos Malvedos Vintage Port, Portugal",Port Blend Red,"2,012th",59,93
"2017 Taylor Fladgate Vargellas Vinha Velha Vintage Port, Portugal",Port Blend Red,"3,299th",393,98
"2016 Wine & Soul Pintas Vintage Port, Portugal",Port Blend Red,"11,297th",114,95
"2017 Cockburn's Vintage Port, Portugal",Port Blend Red,818th,116,94
"2016 Ferreira Vintage Port, Portugal",Port Blend Red,903rd,116,94
"2019 Herdade da Lisboa 'Paco dos Infantes' Reserva Tinto, Alentejo, Portugal",Portuguese Red Blend,"378,102nd",35,93
